connectance_windsor,Pixel_Lat,Pixel_Long,CGIAR_PET,CHELSA_BIO_Annual_Mean_Temperature,CHELSA_BIO_Annual_Precipitation,CHELSA_BIO_Max_Temperature_of_Warmest_Month,CHELSA_BIO_Precipitation_Seasonality,ConsensusLandCover_Human_Development_Percentage,ConsensusLandCoverClass_Barren,ConsensusLandCoverClass_Deciduous_Broadleaf_Trees,ConsensusLandCoverClass_Evergreen_Broadleaf_Trees,ConsensusLandCoverClass_Evergreen_Deciduous_Needleleaf_Trees,ConsensusLandCoverClass_Herbaceous_Vegetation,ConsensusLandCoverClass_Mixed_Other_Trees,ConsensusLandCoverClass_Shrubs,EarthEnvTexture_CoOfVar_EVI,EarthEnvTexture_Correlation_EVI,EarthEnvTexture_Homogeneity_EVI,EarthEnvTopoMed_AspectCosine,EarthEnvTopoMed_AspectSine,EarthEnvTopoMed_Elevation,EarthEnvTopoMed_Slope,EarthEnvTopoMed_TopoPositionIndex,EsaCci_BurntAreasProbability,GHS_Population_Density,GlobBiomass_AboveGroundBiomass,GlobPermafrost_PermafrostExtent,MODIS_NDVI,PelletierEtAl_SoilAndSedimentaryDepositThicknesses,SG_Depth_to_bedrock,SG_Sand_Content_005cm,SG_SOC_Content_005cm,SG_Soil_pH_H2O_005cm
0.321428571,50.42083359,-101.0458298,862,24.37214088,458.0125122,240.713913,51.77065277,78,0,0,0,0,10,12,0,1431,1907,1124,0.964288354,-0.264827847,492,3.10640502,0.5625,0,38.00876617,20.54719925,0,3102.489014,5,200,45.51102066,61.82996368,69.41080475
0.194444444,40.82916641,-72.99583435,1209,117.1248245,1140.11731,259.1990356,8.467947006,56,0,0,0,25,0,19,0,1326,3339,1962,-0.707106888,0.23394452,33,0.39977473,-0.5625,0,49.12570572,65.53671265,0,4787.903809,50,200,58.4161644,42.8470993,51.95504379
0.200000003,40.00416565,-87.99583435,1196,116.1246262,955.0316772,295.8442993,23.70362663,89,0,0,0,0,8,3,0,623,1825,2190,0.94101429,-0.125927761,206,0.236935854,-0.25,0,0.217795074,4.141510963,0,4213.222656,50,200,21.14547157,27.83950233,61.6006813
0.166666667,38.14583206,-82.70417023,1215,135.1438751,1008.882996,290.1394653,15.59108734,0,0,100,0,0,0,0,0,405,511,3184,-0.482128978,-0.243274808,222,3.946015596,1.3125,0,1.367658615,144.9735107,0,6590.328125,1,200,30.31147766,33.36214447,53.07659149
0.342857143,50.42083359,-101.0458298,862,24.37214088,458.0125122,240.713913,51.77065277,78,0,0,0,0,10,12,0,1431,1907,1124,0.964288354,-0.264827847,492,3.10640502,0.5625,0,38.00876617,20.54719925,0,3102.489014,5,200,45.51102066,61.82996368,69.41080475
0.116666667,42.45416641,-83.99583435,1054,91.98040771,826.029541,273.7680054,18.19889259,24,0,54,0,0,0,22,0,570,1724,3450,-0.558058619,0.247720182,279.5,1.563457489,-0.5625,0,0.437903374,117.2807083,0,5811.342773,25,200,53.79467392,137.850769,56.7924881
0.077922078,45.52916718,-75.0625,893,67.96859741,1006.11261,259.615448,11.70127392,16,0,71,0,0,0,13,0,453,2366,2580,0.295473218,-0.590618551,80,0.299877048,0.0625,0,0.180798784,103.6592026,0,5555.92627,46,200,66.01997375,111.1142883,52.30583191
0.090909091,41.65416718,-80.42082977,1035,95.47277832,1074.023438,258.5805969,16.82332611,46,0,45,0,0,0,8,0,1342,4753,1349,-0.385608375,0.174519479,317,0.929066062,0.1875,0,32.27245712,56.1063118,0,5211.572754,18,200,35.6453743,46.87913513,57.17633057
0.112554113,44.33750153,-74.33750153,842,59.58696365,958.0553589,236.8368378,15.72107315,0,0,28,0,8,0,34,0,1484,64,1522,0.036534742,0.04025716,491,1.885113001,-1,0,0.043031577,112.0062256,0,5014.691895,23,188.4881897,56.61916733,171.4696655,45.09979248
0.380952381,50.42083359,-101.0458298,862,24.37214088,458.0125122,240.713913,51.77065277,78,0,0,0,0,10,12,0,1431,1907,1124,0.964288354,-0.264827847,492,3.10640502,0.5625,0,38.00876617,20.54719925,0,3102.489014,5,200,45.51102066,61.82996368,69.41080475
0.092307692,43.86249924,-74.8208313,828,57.70051575,1045.665405,232.5296783,11.2284565,0,0,41,0,11,0,42,0,1141,4362,2227,-0.79503274,0.301349699,612.5,2.614885807,-3.375,0,0,147.2471161,0,5478.069336,1,175.7188263,60.23890305,181.4701691,43.18793488
0.136752137,43.96250153,-79.07917023,920,78.94449615,725.7701416,256.2930298,11.83710003,72,0,18,0,0,7,4,0,498,317,3723,-0.17446357,-0.975519896,186.5,1.187981844,-1.9375,0,0.653194308,112.6965332,0,5525.268066,1,200,41.95738602,40.76934052,63.20164108
0.139601141,43.96250153,-79.07917023,920,78.94449615,725.7701416,256.2930298,11.83710003,72,0,18,0,0,7,4,0,498,317,3723,-0.17446357,-0.975519896,186.5,1.187981844,-1.9375,0,0.653194308,112.6965332,0,5525.268066,1,200,41.95738602,40.76934052,63.20164108
0.068783069,36.01250076,-78.97916412,1403,154.9419708,1162.53125,301.2953186,13.88892651,10,0,19,0,27,0,44,0,766,3003,2124,-0.752561927,0.633550644,150.5,0.99759537,0.0625,0,6.964724064,144.7329712,0,7217.486328,1,200,42.56032944,26.45963669,49.52811813
0.084656085,43.61249924,-74.66249847,832,49.55845261,1456.079712,221.8711243,8.580285072,0,0,0,0,19,0,81,0,668,2812,2366,0.476356149,-0.421718776,811.5,4.580724239,4.9375,0,0,175.151474,0,5890.150391,5,172.9027557,59.19566727,167.9607697,40.27394104
0.134920635,43.96250153,-79.07917023,920,78.94449615,725.7701416,256.2930298,11.83710003,72,0,18,0,0,7,4,0,498,317,3723,-0.17446357,-0.975519896,186.5,1.187981844,-1.9375,0,0.653194308,112.6965332,0,5525.268066,1,200,41.95738602,40.76934052,63.20164108
0.083743842,36.01250076,-78.97916412,1403,154.9419708,1162.53125,301.2953186,13.88892651,10,0,19,0,27,0,44,0,766,3003,2124,-0.752561927,0.633550644,150.5,0.99759537,0.0625,0,6.964724064,144.7329712,0,7217.486328,1,200,42.56032944,26.45963669,49.52811813
0.123152709,43.96250153,-79.07917023,920,78.94449615,725.7701416,256.2930298,11.83710003,72,0,18,0,0,7,4,0,498,317,3723,-0.17446357,-0.975519896,186.5,1.187981844,-1.9375,0,0.653194308,112.6965332,0,5525.268066,1,200,41.95738602,40.76934052,63.20164108
0.209359606,50.42083359,-101.0458298,862,24.37214088,458.0125122,240.713913,51.77065277,78,0,0,0,0,10,12,0,1431,1907,1124,0.964288354,-0.264827847,492,3.10640502,0.5625,0,38.00876617,20.54719925,0,3102.489014,5,200,45.51102066,61.82996368,69.41080475
0.125615764,43.96250153,-79.07917023,920,78.94449615,725.7701416,256.2930298,11.83710003,72,0,18,0,0,7,4,0,498,317,3723,-0.17446357,-0.975519896,186.5,1.187981844,-1.9375,0,0.653194308,112.6965332,0,5525.268066,1,200,41.95738602,40.76934052,63.20164108
0.101149425,44.39583206,-74.3041687,832,55.78319168,984.9465332,232.8070526,18.05999756,0,0,65,0,13,0,23,0,612,1859,1691,-0.073301002,0.467443913,549,5.190455914,2.6875,0,0,161.4080048,0,5923.143066,4,190.0236511,60.27508163,179.0017242,44.01483536
0.120430108,43.96250153,-79.07917023,920,78.94449615,725.7701416,256.2930298,11.83710003,72,0,18,0,0,7,4,0,498,317,3723,-0.17446357,-0.975519896,186.5,1.187981844,-1.9375,0,0.653194308,112.6965332,0,5525.268066,1,200,41.95738602,40.76934052,63.20164108
0.108870968,44.33750153,-74.41249847,841,59.48979187,921.8004761,236.9504395,14.36461353,0,0,41,0,11,0,42,0,883,-1564,2560,0.808374166,-0.286635488,496.5,1.302632332,-0.3125,0,0.273101479,114.7719116,0,5152.561035,14,198.4528809,57.27942657,167.4937286,45.62612152
0.209677419,46.25416565,-89.49583435,868,43.71894836,890.814209,224.8253479,35.37914276,0,0,32,0,0,0,68,0,559,-556,2974,0.4305076,-0.316740423,526,0.811994195,1.25,0,0,100.3832855,0,5009.336426,50,200,57.0607872,102.4211807,47.65023804
0.092063492,44.01250076,-75.02083588,832,59.27130127,1172.823364,235.3236542,12.33220482,0,0,41,0,12,0,45,0,1614,5492,2822,-0.878492475,0.477627575,566,2.369566441,-0.625,0,0,161.5795593,0,5779.532227,1,169.5673676,55.78995514,168.1955261,43.43759155
0.076813656,43.83750153,-74.8041687,833,59.18577957,1155.419678,233.9880981,11.078228,0,0,41,0,12,0,47,0,1022,1251,1088,0.89755702,0.046885964,599.5,2.933214664,1.125,0,0,181.9681702,0,5993.193359,1,186.4483032,59.91916275,179.9475708,42.49914932
0.174964438,46.25416565,-89.49583435,868,43.71894836,890.814209,224.8253479,35.37914276,0,0,32,0,0,0,68,0,559,-556,2974,0.4305076,-0.316740423,526,0.811994195,1.25,0,0,100.3832855,0,5009.336426,50,200,57.0607872,102.4211807,47.65023804
0.061538462,44.02083206,-75.02083588,833,57.90159607,1208.99231,233.7998199,12.56128597,0,0,40,0,16,0,44,0,630,128,1735,-0.81461513,0.029361665,586,1.136213779,2.125,0,0,160.7804413,0,5929.268066,1,142.8698425,56.04053116,144.9873962,42.85164642
0.087179487,43.84583282,-74.87916565,832,56.86470032,1155.409912,231.5359955,10.77912903,6,0,36,0,12,0,43,0,903,560,1912,-0.445386291,-0.146739691,642.5,2.128921509,2.5,0,0,135.1461334,0,5174.376953,1,167.6880798,57.27667999,170.6301575,43.3045578
0.055749129,43.62916565,-74.65416718,831,49.20737457,1467.668701,221.5367279,7.914753914,0,0,26,0,10,0,43,0,874,-262,1288,0.926280081,-0.085345164,815.5,6.995335579,-6.375,0,0.000768629,136.8961792,0,5573.687988,4,153.8766632,58.66669083,180.5409088,40.82406616
0.074332172,44.08750153,-74.66249847,847,58.64180756,1075.644531,234.8511353,11.48147774,0,0,41,0,12,0,47,0,611,-116,1893,0.841478765,-0.278722376,554,3.225050926,-2.625,0,0,167.1902161,0,5498.875488,1,191.6008606,57.66371918,166.0565643,43.66186905
0.102206736,43.62083435,-74.63749695,825,48.81981659,1483.487061,221.0795898,8.148572922,0,0,26,0,10,0,49,0,754,1028,1739,-0.744337022,0.119675681,829,3.162377357,-3.875,0,0.001882448,140.1231995,0,5341.870605,3,157.9013824,59.70082092,176.2854156,40.70092392
0.148664344,44.48749924,-74.17082977,827,56.47717285,965.4091187,233.9897766,17.5949688,0,0,0,0,19,0,76,0,687,-513,2140,-0.652385592,0.466181219,524.5,1.564616203,1.625,0,0.004438834,171.42276,0,5605.90625,17,198.2990112,62.58454514,199.2666473,44.48796844
0.092753623,44.27083206,-74.15416718,856,60.35837173,875.6467896,236.9302063,13.98325729,0,0,36,0,14,0,50,0,765,2300,1874,0.520362854,-0.204847783,490.5,1.04722476,1.25,0,0.00137951,144.8657837,0,6068.411621,12,200,61.83068085,134.4518127,44.82621384
0.054964539,43.82916641,-74.8041687,836,58.66180038,1246.71936,233.4265747,10.95317364,0,0,41,0,12,0,47,0,1026,2773,1638,0.852489412,0.09395849,609,2.861277342,-0.75,0,0,144.3292389,0,5596.325684,1,183.2452087,58.37597656,163.9902191,42.91200256
0.078014184,43.62083435,-74.64583588,829,47.9875679,1488.301025,220.1070557,8.148891449,0,0,25,0,11,0,49,0,787,4331,2314,-0.784146667,0.21529147,850.5,3.863544464,-1.25,0,0.001882448,160.6753845,0,5718.10791,4,142.5085144,59.59066772,186.0704803,39.65110779
0.047346939,44.16249847,-74.5708313,857,60.31254578,945.0811768,237.0663605,11.83780384,5,0,29,0,8,0,31,0,832,1993,2660,-0.176001132,-0.621480346,512,2.059678078,3.3125,0,0.012956828,161.8172455,0,5705.54541,9,197.2617798,59.88392258,157.6079254,46.11393356
0.053877551,43.77916718,-74.90416718,841,62.48310471,1079.610962,237.4286652,11.66675186,8,0,42,0,11,0,39,0,800,1698,2520,-0.660523772,-0.608171225,547.5,0.743097365,-0.5,0,0,148.6271973,0,5839.34668,5,195.4209137,60.85287476,164.908844,43.95996857
0.079999998,43.78749847,-74.8125,844,60.46001434,1222.155762,235.0783386,11.75512123,0,0,56,0,4,0,29,0,755,-1019,1687,0.947941244,-0.120740965,576.5,7.582970619,-10.5625,0,0.025208162,155.3887939,0,5368.257324,1,183.5253296,57.72019196,157.422348,41.97310638
0.055904962,44.3125,-73.9291687,834,58.30751419,778.7081909,234.4958038,16.76163292,0,0,41,0,10,0,41,0,1275,3209,1366,0.725080669,-0.589358568,518,3.260364532,-5.25,0,0,86.07537842,0,5279.616211,5,199.859726,57.39974213,162.2353058,46.2011528
0.096436059,43.85416794,-74.90416718,835,54.4113121,1306.214966,228.8414764,10.82889175,0,0,94,0,0,0,6,0,486,2024,2538,-0.962440968,0.238887832,686.5,2.52619791,-2.25,0,0,172.283905,0,5530.024902,1,132.0776215,59.08631897,158.8670044,41.08810043
0.046121593,43.82916641,-74.78749847,837,58.16466522,1278.277344,232.8133545,10.53286076,0,0,41,0,11,0,43,0,963,2239,1846,0.896278024,-0.12803635,611.5,3.982290745,-6.1875,0,0,135.9141388,0,5494.037598,1,188.1180725,57.84077835,172.3928986,42.25292206
0.074074074,43.71250153,-74.77916718,845,58.03379059,1322.501099,231.98703,8.513586044,0,0,62,0,5,0,33,0,785,71,2476,0.915293634,-0.390919864,626,5.226340294,-5.1875,0,0.00021926,173.0309296,0,5437.798828,1,172.7593231,56.60307693,176.7883606,41.87321854
0.070129871,43.87083435,-74.77916718,833,57.77002716,1161.515015,232.7310638,12.28810596,0,0,44,0,11,0,45,0,1136,368,1455,0.656752765,-0.059250008,612,5.781682014,-6.75,0,0,177.9351044,0,5827.575684,1,162.6674805,58.15420532,139.6298828,42.87648773
0.098305085,43.62916565,-74.6875,837,51.84083939,1334.636719,224.556427,7.020544052,0,0,31,0,10,0,40,0,1349,2561,1745,0.315104842,0.784959555,770.5,2.844250202,-3.25,0,0,122.6074677,0,5247.080566,3,155.7393036,59.19955063,157.3733368,40.81492233
0.076150185,43.55416489,-75.0708313,864,64.80924225,1361.722534,238.5836182,8.688648224,0,0,54,0,8,0,38,0,762,4611,2168,0.411459148,-0.243337616,554.5,1.697926879,2.25,0,0,155.5928955,0,5697.874512,1,168.5392914,56.43006134,164.0743866,41.5606842
0.070861978,43.62083435,-74.76249695,838,57.19191742,1267.661499,230.539917,7.150566101,0,0,14,0,15,0,64,0,783,3855,2437,0.739220619,0.47730279,677,3.318586826,-1.625,0,0,147.1411591,0,5470.624023,2,155.0936737,57.92389297,152.0716248,42.2352829
0.055555556,44.37916565,-74.34583282,839,58.03744125,1008.256409,235.4743805,16.23113441,0,0,0,0,28,0,72,0,1079,569,1278,-0.387825429,-0.252725869,513,1.603252411,-0.9375,0,0,152.6990204,0,5657.773438,10,199.8868866,61.04724503,175.2905731,44.47674561
0.083333333,43.52916718,-75.0541687,861,65.50622559,1327.280396,239.2160339,9.45224762,0,0,76,0,10,0,13,0,655,-1138,3174,-0.549849987,0.525975227,553,1.906699419,4.4375,0,0,177.0140381,0,5411.303223,5,175.9274292,53.76000977,166.2578125,41.31305695
0.073412698,44.46250153,-74.28749847,832,53.26215363,1026.291748,230.4453278,15.71480083,0,0,48,0,9,0,44,0,271,983,5326,0.563235641,0.716835141,595,8.056371689,8,0,0,155.6419525,0,5523.945313,1,164.5196838,59.72383881,153.3577881,43.56097794
0.063213345,43.67083359,-74.6958313,840,62.24224854,1033.843628,236.4648285,9.694618225,0,0,41,0,12,0,47,0,1014,3180,2299,0.930311322,-0.225900158,572,0.812080145,-2.1875,0,0,86.49120331,0,5281.260742,10,199.8767395,58.45194626,157.8807678,44.80265045
0.084284462,44.21250153,-74.71250153,853,60.71340561,996.078186,238.0958099,13.04012012,0,0,42,0,10,0,40,0,900,1235,1653,-0.862179577,0.077652283,496,1.750005722,-1.9375,0,0,61.5219574,0,4925.321777,24,199.5755768,59.95283127,140.0294495,46.16046524
0.074626866,43.78749847,-74.91249847,840,62.30147171,998.5797729,237.2003326,11.48793316,0,0,41,0,11,0,42,0,757,1398,1596,0.531867504,0.690302968,548,3.156791925,-3.3125,0,0,134.4899597,0,5451.846191,7,194.8891296,57.96386719,160.7150726,43.66703033
0.065822785,43.62916565,-74.8125,842,61.32510376,1135.709351,235.1562958,6.781754971,0,0,51,0,12,0,38,0,746,2344,1905,-0.27752471,-0.019274473,598.5,2.158828735,-6.9375,0,0,115.3416901,0,5338.605957,1,190.7666626,57.83028412,161.5598297,42.61444473
0.061392405,43.65416718,-74.75416565,841,62.25378799,1154.594238,236.4149475,8.830804825,0,0,52,0,11,0,37,0,574,-1300,2617,0.053968567,-0.218645692,568,3.428558588,-8.25,0,0,135.0174255,0,5808.588379,3,196.0661926,57.07868958,163.3788757,42.10362244
0.033275961,44.26250076,-74.03749847,848,54.39187622,879.0194092,229.912796,13.98372364,0,0,50,0,16,0,34,0,1898,3616,1100,-0.686023533,-0.140480071,602,1.395728588,-3.0625,0,0,113.140976,0,5339.856445,12,195.8805695,64.15317535,132.5328217,46.01873779
0.057946071,43.6875,-74.66249847,842,60.97940445,1134.998657,235.1368866,10.35297012,0,0,41,0,12,0,47,0,758,4180,2826,-0.601342022,-0.440855175,595.5,1.323193789,-0.0625,0,0,160.1434631,0,6699.248047,12,193.0162201,57.77620316,145.3867493,43.77597046
0.067699369,43.62916565,-74.79582977,843,60.75488663,1098.472778,234.6601715,7.052645206,0,0,41,0,12,0,45,0,957,1165,1780,-0.458816975,0.175756052,609,1.57590127,2.875,0,0,133.3327942,0,5494.651855,5,192.5182343,59.54102707,150.4185181,43.438591
0.054503729,44.51250076,-74.12916565,824,56.20082474,964.2913208,233.6506348,19.22928238,0,0,41,0,12,0,47,0,1453,3456,1125,-0.490523398,0.511458457,525.5,0.781968236,-0.1875,0,0.001976887,154.3882599,0,5709.943359,14,199.5614166,58.57739258,181.1868134,44.00030518
0.054945055,44.28749847,-74.36250305,848,59.96001434,1010.432495,237.0321503,13.9191885,0,0,39,0,13,0,47,0,791,2724,1876,-0.102897801,-0.301697642,496.5,1.525555491,-2.375,0,0,157.8501282,0,5975.226563,14,199.565033,62.90180969,157.0700378,43.4633255
0.064767616,43.59583282,-74.66249847,826,55.13627625,1280.630127,228.0235596,7.645981789,0,0,0,0,20,0,80,0,860,3099,2159,0.298595905,-0.292527437,719.5,3.359073162,-3.6875,0,0,130.7536011,0,5232.293457,1,186.207077,56.07552338,172.2099304,41.06219482
0.092803031,43.96250153,-79.07917023,920,78.94449615,725.7701416,256.2930298,11.83710003,72,0,18,0,0,7,4,0,498,317,3723,-0.17446357,-0.975519896,186.5,1.187981844,-1.9375,0,0.653194308,112.6965332,0,5525.268066,1,200,41.95738602,40.76934052,63.20164108
0.124156545,43.96250153,-79.07917023,920,78.94449615,725.7701416,256.2930298,11.83710003,72,0,18,0,0,7,4,0,498,317,3723,-0.17446357,-0.975519896,186.5,1.187981844,-1.9375,0,0.653194308,112.6965332,0,5525.268066,1,200,41.95738602,40.76934052,63.20164108
0.035067212,36.01250076,-78.97916412,1403,154.9419708,1162.53125,301.2953186,13.88892651,10,0,19,0,27,0,44,0,766,3003,2124,-0.752561927,0.633550644,150.5,0.99759537,0.0625,0,6.964724064,144.7329712,0,7217.486328,1,200,42.56032944,26.45963669,49.52811813
0.064335664,43.84583282,-74.92082977,834,54.01160431,1336.522461,228.2496338,10.87528992,0,0,84,0,2,0,14,0,667,157,2009,-0.310938507,0.583878636,692,3.459274769,2.125,0,0,178.2972412,0,5486.632813,1,136.3838654,58.32342148,155.8678894,41.10126877
0.034965035,36.01250076,-78.97916412,1403,154.9419708,1162.53125,301.2953186,13.88892651,10,0,19,0,27,0,44,0,766,3003,2124,-0.752561927,0.633550644,150.5,0.99759537,0.0625,0,6.964724064,144.7329712,0,7217.486328,1,200,42.56032944,26.45963669,49.52811813
0.057756387,44.35416794,-74.3125,838,58.85293198,1003.046631,236.041748,16.44459152,0,0,0,0,18,0,75,0,931,339,1739,-0.756731868,-0.097920373,503.5,0.783815145,1.6875,0,0.256165326,137.3283539,0,5494.216309,30,199.6957703,59.41992569,148.764679,44.18296051
0.069850621,44.30416489,-73.9375,839,58.35334015,785.3759766,234.4848328,16.94412804,0,0,42,0,13,0,46,0,978,3505,1776,0.244429961,0.590797305,517,2.391561508,-3.625,0,0.116565049,132.6314697,0,5964.040527,7,200,60.01516724,152.1483765,45.70214081
0.043486702,44.36249924,-74.32917023,837,57.97224045,1052.092041,235.1925201,16.54194069,0,0,15,0,20,0,65,0,665,448,2470,-0.156112537,0.289110959,518,1.681831598,-4.125,0,0.005131837,174.6035614,0,5811.719238,8,192.2249756,58.3405571,178.7758636,44.47328186
0.277777778,-18.5625,-52.01250076,1600,238.0775146,1396.773682,302.5330811,68.21908569,9,0,0,0,0,0,57,34,1529,4077,1726,-0.985869408,-0.107284643,592.5,2.470443726,-2.4375,0,0,26.49671173,0,3833.039795,12,198.9085388,47.9249382,25.68631363,54.41322708
0.166666667,-20.09583282,-55.96250153,1678,254.7668457,1213.899048,319.0979309,54.40240097,8,0,49,0,0,0,15,26,796,5272,2653,-0.760420263,-0.082198977,129.5,0.20937705,0.125,0,0.007035397,53.08906555,0,6739.757813,50,200,62.58742523,15.94019413,58.01776886
0.121052632,-19.62083244,-56.98749924,1701,255.8836365,1047.983032,320.638855,57.95943451,11,0,15,0,0,0,53,21,598,2532,3373,0.534597516,0.316227973,91,0.180392995,-0.375,0.854867637,0,75.46737671,0,7353.95166,50,200,53.68206024,20.55081749,60.74401855
0.121052632,-19.72916603,-56.86249924,1699,255.5490417,1063.916138,320.154541,58.20313263,0,0,31,0,0,0,66,3,258,491,3900,0.15811342,0.055215776,97,0.256813377,0.25,1.49852407,0,62.66204453,0,7985.165039,50,200,51.91191864,20.91199112,60.3585434
0.112318841,-23.50416756,-53.97083282,1553,233.2132263,1456.850342,303.8153687,31.37102699,0,0,48,0,0,17,0,33,316,2552,5800,-0.511667609,-0.353552788,229,0.061874468,-0.125,2.507315636,0,25.96551132,0,5934.771973,50,200,58.2657547,44.76224518,56.4714241
0.069380204,-23.04583359,-48.62916565,1404,198.3304749,1346.164551,261.3658142,50.86742783,19,0,25,36,0,7,12,0,630,3438,2884,-0.031511903,-0.920056105,832,2.290112257,2.375,0,0,104.0284424,0,7652.040527,1,199.7685699,48.20325089,29.32555771,52.06187057
0.243589744,31.46249962,-81.26249695,1607,200.348465,1334.968994,296.6809082,35.94598007,17,0,0,9,14,0,55,0,1055,1566,3433,-0.082199208,0.306313455,13,0.48812145,-0.3125,0.438596487,0,127.5911102,0,7598.179199,50,200,68.22737885,44.64992142,50.39964294
0.068122917,30.30416679,-103.4541702,2260,165.2799072,380.0315857,315.95755,70.66255188,0,0,0,0,0,14,14,72,500,1952,5342,-0.450989068,-0.892410278,1418.5,1.369802594,-1,0,0,0,0,2610.668945,0,192.6114349,42.50964737,19.14759254,77.56330872
0.057609058,30.20416641,-103.2458344,2300,176.7771606,330.0838928,326.348938,59.8286438,0,0,0,0,0,14,14,73,1080,331,2315,0.103034347,-0.588542819,1234,0.802518249,-0.75,0,14.59996223,0,0,2390.370361,2,200,37.62414169,11.71038342,79.46126556
0.400000006,8.704166412,-83.48750305,1691,265.7667236,3724.39624,301.2477722,48.39886093,0,0,0,63,0,14,0,0,386,3414,3762,0.552762389,0.833302498,30,11.0402298,-2.25,0,0,130.4015961,0,5663.17041,1,198.7915649,42.40135574,118.9380798,51.75710297
0.214285714,8.704166412,-83.48750305,1691,265.7667236,3724.39624,301.2477722,48.39886093,0,0,0,63,0,14,0,0,386,3414,3762,0.552762389,0.833302498,30,11.0402298,-2.25,0,0,130.4015961,0,5663.17041,1,198.7915649,42.40135574,118.9380798,51.75710297
0.151515152,10.34583378,-67.6875,1542.000122,206.7008362,1019.337524,246.9068756,78.34809113,0,0,0,100,0,0,0,0,630,1099,2963,-0.167313039,0.743423223,1123.5,14.65348148,-4.0625,0,0,232.1141357,0,4846.570801,1,176.0834351,45.03350067,44.29043961,54.27557373
0.285714286,-37.61249924,144.2791595,1330,122.989151,728.7944336,233.2205811,18.38570976,86,0,0,8,0,0,0,6,711,2234,2634,-0.068294078,0.911696315,462.5,1.887881517,0.5625,0,0,15.16160011,0,5301.915527,1,200,57.14621353,30.32164383,60.86558914
0.476190476,-37.61249924,144.2791595,1330,122.989151,728.7944336,233.2205811,18.38570976,86,0,0,8,0,0,0,6,711,2234,2634,-0.068294078,0.911696315,462.5,1.887881517,0.5625,0,0,15.16160011,0,5301.915527,1,200,57.14621353,30.32164383,60.86558914
0.321428571,-37.61249924,144.2791595,1330,122.989151,728.7944336,233.2205811,18.38570976,86,0,0,8,0,0,0,6,711,2234,2634,-0.068294078,0.911696315,462.5,1.887881517,0.5625,0,0,15.16160011,0,5301.915527,1,200,57.14621353,30.32164383,60.86558914
0.277777778,-37.61249924,144.2791595,1330,122.989151,728.7944336,233.2205811,18.38570976,86,0,0,8,0,0,0,6,711,2234,2634,-0.068294078,0.911696315,462.5,1.887881517,0.5625,0,0,15.16160011,0,5301.915527,1,200,57.14621353,30.32164383,60.86558914
0.361111111,-37.61249924,144.2791595,1330,122.989151,728.7944336,233.2205811,18.38570976,86,0,0,8,0,0,0,6,711,2234,2634,-0.068294078,0.911696315,462.5,1.887881517,0.5625,0,0,15.16160011,0,5301.915527,1,200,57.14621353,30.32164383,60.86558914
0.388888889,-37.61249924,144.2791595,1330,122.989151,728.7944336,233.2205811,18.38570976,86,0,0,8,0,0,0,6,711,2234,2634,-0.068294078,0.911696315,462.5,1.887881517,0.5625,0,0,15.16160011,0,5301.915527,1,200,57.14621353,30.32164383,60.86558914
0.228571429,-37.61249924,144.2791595,1330,122.989151,728.7944336,233.2205811,18.38570976,86,0,0,8,0,0,0,6,711,2234,2634,-0.068294078,0.911696315,462.5,1.887881517,0.5625,0,0,15.16160011,0,5301.915527,1,200,57.14621353,30.32164383,60.86558914
0.198529412,-37.61249924,144.2791595,1330,122.989151,728.7944336,233.2205811,18.38570976,86,0,0,8,0,0,0,6,711,2234,2634,-0.068294078,0.911696315,462.5,1.887881517,0.5625,0,0,15.16160011,0,5301.915527,1,200,57.14621353,30.32164383,60.86558914
0.090139141,-46.10416794,170.1708374,1012,107.8601913,645.3233032,172.30513,11.32560539,26,0,0,17,0,41,16,0,1158,1380,1185,-0.748229146,0.366459757,3.5,0.801237702,-2,0,0,14.85439968,0,6601.24707,4,172.2720795,46.26854324,91.9496994,57.95952225
0.123106061,-46.47916794,169.5791626,992,104.8873672,893.2627563,156.3622437,13.78124523,24,0,0,0,9,62,0,6,419,1897,3701,-0.813566208,-0.390726328,33.5,8.223201752,-7.75,0,0,34.26115417,0,7644.129395,2,139.8322296,37.58512497,146.1110687,56.00255585
0.101010101,-46.10416794,170.1708374,1012,107.8601913,645.3233032,172.30513,11.32560539,26,0,0,17,0,41,16,0,1158,1380,1185,-0.748229146,0.366459757,3.5,0.801237702,-2,0,0,14.85439968,0,6601.24707,4,172.2720795,46.26854324,91.9496994,57.95952225
0.057354302,-45.85416794,170.5958405,1038,109.5986633,731.6670532,173.5395203,9.555817604,0,0,0,15,0,0,23,13,1863,915,278,0.197305322,-0.969937325,0,0,0,0,52.32009125,6.934755325,0,2875.595947,14,162.9707794,53.03665543,121.2929382,56.01483536
0.092506938,-46.10416794,170.1708374,1012,107.8601913,645.3233032,172.30513,11.32560539,26,0,0,17,0,41,16,0,1158,1380,1185,-0.748229146,0.366459757,3.5,0.801237702,-2,0,0,14.85439968,0,6601.24707,4,172.2720795,46.26854324,91.9496994,57.95952225
0.083256244,-46.47916794,169.5791626,992,104.8873672,893.2627563,156.3622437,13.78124523,24,0,0,0,9,62,0,6,419,1897,3701,-0.813566208,-0.390726328,33.5,8.223201752,-7.75,0,0,34.26115417,0,7644.129395,2,139.8322296,37.58512497,146.1110687,56.00255585
0.070391872,-46.10416794,170.1708374,1012,107.8601913,645.3233032,172.30513,11.32560539,26,0,0,17,0,41,16,0,1158,1380,1185,-0.748229146,0.366459757,3.5,0.801237702,-2,0,0,14.85439968,0,6601.24707,4,172.2720795,46.26854324,91.9496994,57.95952225
0.200000003,29.83749962,118.5708313,1217,167.7967987,1865.160278,317.6609497,52.8904953,19,0,0,3,27,0,51,0,271,1623,5201,-0.939308763,0.038387939,282.5,12.82680321,5,0,0,60.5832901,0,7131.370117,1,198.4375,33.07063675,23.83435249,57.36394882
0.25,32.17083359,112.3458328,1218,165.2605286,804.9829712,315.8043823,60.05093002,92,0,0,0,0,0,0,0,1336,3225,1593,0.707106888,-0.414989024,72,0.611991525,0.8125,0,124.2473755,0,0,3852.569824,50,200,26.78595924,11.4700737,69.69835663
0.333333333,51.33750153,-0.370833337,839,103.7974777,720.4104004,209.4072113,14.07200432,52,0,0,0,18,0,30,0,458,2842,4347,-0.165295392,-0.032834806,64.5,1.936706781,1.6875,0,49.76689529,159.0879974,0,6739.366211,1,193.4011383,46.66111755,65.41194916,54.3419838
0.25,41.41249847,-0.254166663,1615,152.164505,361.2310486,311.7246399,26.95519447,41,26,0,0,0,0,0,33,1206,4024,3092,-0.981052041,0.052908413,340,0.779691875,-0.6875,0,0,0,0,2211.573975,14,200,19.21727753,13.55087662,79.36282349
0.25,41.40416718,-0.262499988,1621,152.517807,366.0314636,312.0722961,27.11211014,41,26,0,0,0,0,0,33,1687,3487,1740,-0.228824914,0.202270061,335,0.309369445,-0.0625,0,0.736824512,0,0,2198.848633,33,200,20.99520302,14.1305027,79.60021973
0.177777778,40.13750076,-8.854166985,1188,163.129425,871.9824829,249.5627899,55.37047195,63,0,0,0,5,0,20,0,3250,3120,1689,0.100483932,-0.295475543,1.5,0.393279016,-0.3125,0,10.53827286,0,0,2531.977783,50,200,50.90195847,48.93144226,67.19470215
0.163636364,40.13750076,-8.854166985,1188,163.129425,871.9824829,249.5627899,55.37047195,63,0,0,0,5,0,20,0,3250,3120,1689,0.100483932,-0.295475543,1.5,0.393279016,-0.3125,0,10.53827286,0,0,2531.977783,50,200,50.90195847,48.93144226,67.19470215
0.141025641,40.13750076,-8.854166985,1188,163.129425,871.9824829,249.5627899,55.37047195,63,0,0,0,5,0,20,0,3250,3120,1689,0.100483932,-0.295475543,1.5,0.393279016,-0.3125,0,10.53827286,0,0,2531.977783,50,200,50.90195847,48.93144226,67.19470215
0.333333333,51.86249924,-3.829166651,676,83.62557983,1601.426147,171.4773254,24.93102837,43,0,0,0,0,39,18,0,259,2533,5611,0.495279253,-0.866256118,361.5,8.766614914,0.1875,0,0,0.230399996,0,5266.20752,1,188.8270874,38.24388885,164.6515045,51.37482071
0.131868132,40.13750076,-8.854166985,1188,163.129425,871.9824829,249.5627899,55.37047195,63,0,0,0,5,0,20,0,3250,3120,1689,0.100483932,-0.295475543,1.5,0.393279016,-0.3125,0,10.53827286,0,0,2531.977783,50,200,50.90195847,48.93144226,67.19470215
0.123809524,40.13750076,-8.854166985,1188,163.129425,871.9824829,249.5627899,55.37047195,63,0,0,0,5,0,20,0,3250,3120,1689,0.100483932,-0.295475543,1.5,0.393279016,-0.3125,0,10.53827286,0,0,2531.977783,50,200,50.90195847,48.93144226,67.19470215
0.110294118,40.13750076,-8.854166985,1188,163.129425,871.9824829,249.5627899,55.37047195,63,0,0,0,5,0,20,0,3250,3120,1689,0.100483932,-0.295475543,1.5,0.393279016,-0.3125,0,10.53827286,0,0,2531.977783,50,200,50.90195847,48.93144226,67.19470215
0.347368421,52.38750076,-3.887500048,638,96.79188538,1441.264893,183.7630768,23.85165405,0,0,0,0,0,64,36,0,799,5587,1931,0.938527226,0.049033418,103.5,18.64678574,-30.5625,0,0,97.68302155,0,6408.032227,1,191.0610657,45.87195969,141.9078217,50.67229462
0.197628458,51.86249924,-3.829166651,676,83.62557983,1601.426147,171.4773254,24.93102837,43,0,0,0,0,39,18,0,259,2533,5611,0.495279253,-0.866256118,361.5,8.766614914,0.1875,0,0,0.230399996,0,5266.20752,1,188.8270874,38.24388885,164.6515045,51.37482071
0.274725275,52.12083435,0.020833334,805,103.5286942,544.3330688,211.7874756,12.71014309,100,0,0,0,0,0,0,0,497,3308,2399,-0.857492566,0.36439997,17,0.315896749,-0.125,0,2.748187542,13.85635567,0,6083.149902,50,200,33.80548096,37.43261719,72.53594208
0.247619048,42.12916565,2.737499952,1353,149.1571808,747.7487183,278.4543152,20.96967697,16,1,6,0,16,0,41,20,1061,2907,3253,-0.792542875,0.608096957,230,5.434813499,0.625,0,0,130.2435608,0,7234.937988,1,199.5262146,42.30363083,35.21666718,67.65536499
0.090949921,50.91249847,11.58749962,886,94.28408051,504.199585,232.9384155,27.30929565,81,0,6,0,12,0,1,0,840,701,2919,0.135408849,-0.844370723,147.5,1.295319557,-0.5625,0,119.9179611,51.53653336,0,5735.633789,7,200,45.87849045,26.68249702,63.08073044
0.198529412,-17.12083244,145.8625031,1898,248.3163605,2231.163818,294.6916504,73.07093811,28,0,0,49,0,0,23,0,274,-41,4029,-0.403097034,-0.78167367,10,0.269609213,-0.1875,0,0,30.25919914,0,6663.061523,9,199.0112,53.88342667,31.5008812,57.51445389
0.132352941,61.42083359,8.862500191,519,-1.546389937,531.6859131,143.6990051,32.81487656,0,42,0,0,6,0,0,52,785,-1660,3099,0.969578505,0.230029017,1112,6.583938599,-5,0,0,36.96551132,0.021659596,2043.028442,1,184.3184052,53.98535919,176.6386261,48.11144257
0.205882353,64.0541687,23.66250038,603,37.48451233,465.2845154,199.6889801,35.48009109,24,21,2,0,24,27,2,0,982,946,1842,-0.304959714,0.316228211,11,0.334115237,0.0625,0,0.052381024,9.821688652,0,3552.772461,50,200,45.00606537,110.5895081,53.50519943
0.040494459,64.91249847,26.07083321,610,24.93220139,534.1169434,204.0693512,31.88737488,0,0,16,0,0,0,73,0,330,721,4110,0.728746533,0.389267266,70,0.384997308,0.1875,0,0,28.26311111,0,4161.990723,50,200,54.67606354,253.4474792,45.47719955
0.339031339,69.02916718,-147.7124939,466,-86.57924652,173.9337158,171.7297821,93.36579132,0,54,0,0,0,0,0,46,980,-985,2646,0.991492152,0.06094338,374,2.732398987,-2.5625,0,1.12e-05,6.460977554,0.991237819,1744.239014,1,141.7395172,38.24384689,213.4292603,60.42242432
0.330049261,69.02916718,-147.7124939,466,-86.57924652,173.9337158,171.7297821,93.36579132,0,54,0,0,0,0,0,46,980,-985,2646,0.991492152,0.06094338,374,2.732398987,-2.5625,0,1.12e-05,6.460977554,0.991237819,1744.239014,1,141.7395172,38.24384689,213.4292603,60.42242432
0.289655172,69.02916718,-147.7124939,466,-86.57924652,173.9337158,171.7297821,93.36579132,0,54,0,0,0,0,0,46,980,-985,2646,0.991492152,0.06094338,374,2.732398987,-2.5625,0,1.12e-05,6.460977554,0.991237819,1744.239014,1,141.7395172,38.24384689,213.4292603,60.42242432
0.294354839,69.02916718,-147.7124939,466,-86.57924652,173.9337158,171.7297821,93.36579132,0,54,0,0,0,0,0,46,980,-985,2646,0.991492152,0.06094338,374,2.732398987,-2.5625,0,1.12e-05,6.460977554,0.991237819,1744.239014,1,141.7395172,38.24384689,213.4292603,60.42242432
0.199430199,52.98749924,-3.479166746,647,89.52085114,1082.599731,184.3410492,25.4178791,0,0,26,0,0,46,29,0,273,2151,4818,0.929676473,-0.248167187,215,6.131432533,0.375,0,0.70428586,64.72675323,0,7104.392578,1,200,41.10866165,104.3430328,54.09699249
0.116059379,53.91249847,-1.654166698,741,95.64209747,712.4569092,196.5259857,12.77586365,38,5,0,0,0,25,31,0,801,3907,1849,-0.960444748,0.165907338,50.5,0.601568103,-0.6875,0,1.904985309,21.89226723,0,6609.986328,6,200,45.50160599,50.21084976,58.61474228
0.026538551,53.82916641,-2.420833349,692,95.95870209,1166.710571,191.6994171,20.76790047,11,0,0,0,0,75,13,0,1023,1397,1010,-0.958743155,-0.042349033,62,1.080787659,0.9375,0,146.3126373,47.85351181,0,6338.135254,17,199.5426636,48.67012405,75.66242218,56.08719635
0.177777778,48.53749847,-123.0875015,893,109.7725525,681.6986694,230.7789307,58.57201004,0,0,0,0,37,0,41,22,416,1132,3965,0.794390142,-0.311431706,48,1.344129562,-1.3125,0,1.923042655,186.8535156,0,7807.26123,32,196.375824,50.90223694,143.291626,54.12417603
0.200000003,44.57083511,-110.8291702,1112,35.71900558,430.4555359,239.2172241,18.59818649,11,0,0,0,44,27,17,1,1108,3211,3194,0.916318417,-0.399904668,2191,0.671321988,-0.6875,0,1.82e-05,9.646400452,0,2397.129639,11,200,41.0015564,51.07973099,65.02820587
0.120879121,36.61249924,-121.9041672,1233,145.5055542,524.887085,226.3249664,88.96986389,65,0,0,0,5,0,0,0,1424,879,3439,0.689375877,0.724290848,41,3.929667234,0.375,0,198.8437347,15.52764416,0,2952.430176,1,196.7654877,50.67840576,28.41310501,65.5737915
0.123809524,38.00416565,-122.3625031,1626,153.0839691,687.4981079,265.015625,90.09106445,0,0,0,0,6,0,23,26,1226,989,2149,0.601981044,0.542435884,20,2.614165783,0.4375,0,0,41.48835373,0,5288.531738,11,198.3839722,51.56245041,56.97073746,61.11647415
0.333333333,35.02083206,-119.1041641,2130,190.9866791,253.8820801,360.09021,78.29829407,10,0,0,0,0,42,31,17,673,1573,3507,0.809439063,0.587083638,242.5,1.689771056,0.375,0,0,0,0,3521.931885,5,200,54.4809227,10.02618122,75.89820099
0.25,33.30416489,-116.1125031,2685,202.1016998,97.78312683,377.8473511,55.71568298,0,14,0,0,0,0,9,78,666,2621,7847,-0.828945398,0.559320152,473.5,12.76137924,7.5625,0,0,0,0,838.9564819,1,91.53134155,54.37718201,5.386536121,82.03825378
0.200000003,32.95416641,-117.2624969,1564,187.2617188,284.2466736,294.8583679,86.92477417,51,0,0,0,6,0,5,9,1664,2642,2526,-0.144950539,-0.989438891,52.5,4.877598763,0.5,0,107.981308,36.03946686,0,3404.366699,3,163.9722137,43.53711319,28.3705349,72.17464447
0.133333333,33.30416489,-116.1125031,2685,202.1016998,97.78312683,377.8473511,55.71568298,0,14,0,0,0,0,9,78,666,2621,7847,-0.828945398,0.559320152,473.5,12.76137924,7.5625,0,0,0,0,838.9564819,1,91.53134155,54.37718201,5.386536121,82.03825378
